config_1,config_2,mean_diff,t_statistic,p_value,cohen_d,p_value_corrected,significant,effect_size_interpretation
n100_mfsqrt,n100_mf26,-0.0022999676060900254,-1.2165669862130961,0.29064335010111014,-0.6469600783821418,1.0,False,medium
n100_mfsqrt,n200_mfsqrt,-0.0008746355685130269,-0.42843651767672813,0.6903962297275913,-0.31729044471523454,1.0,False,small
n100_mfsqrt,n200_mf26,-0.0032393909944929966,-1.3958396188666038,0.2352548506342391,-0.9324541327622758,1.0,False,large
n100_mf26,n200_mfsqrt,0.0014253320375769984,1.1734376435378604,0.3057234585847639,0.45286283327596016,1.0,False,small
n100_mf26,n200_mf26,-0.0009394233884029712,-0.5790165071972804,0.593619691349027,-0.24776372073785857,1.0,False,small
n200_mfsqrt,n200_mf26,-0.0023647554259799697,-1.719910020947453,0.16056695070169288,-0.77390715486392,0.9634017042101573,False,medium
