{
  "C": 10,
  "gamma": 0.001,
  "train_accuracy": 0.23039539000937273,
  "val_accuracy": 0.1662076786003564,
  "train_f1_macro": 0.2278535908501574,
  "val_f1_macro": 0.15941506467225516,
  "n_support_vectors": 28753,
  "n_support_vectors_per_class": {
    "1": 2623,
    "2": 2625,
    "3": 2625,
    "4": 2624,
    "5": 2624,
    "6": 2624,
    "7": 2622,
    "8": 2620,
    "9": 2621,
    "10": 2583,
    "11": 2562
  },
  "training_time_sec": 66.33063244819641
}