{
  "C": 100,
  "gamma": 0.001,
  "train_accuracy": 0.3299892387266984,
  "val_accuracy": 0.19941681516280577,
  "train_f1_macro": 0.33736815115846197,
  "val_f1_macro": 0.20076563882327852,
  "n_support_vectors": 28600,
  "n_support_vectors_per_class": {
    "1": 2620,
    "2": 2624,
    "3": 2620,
    "4": 2619,
    "5": 2621,
    "6": 2621,
    "7": 2612,
    "8": 2608,
    "9": 2600,
    "10": 2536,
    "11": 2519
  },
  "training_time_sec": 77.1894097328186
}