{
  "C": 1,
  "gamma": 0.01,
  "train_accuracy": 0.32287291283368624,
  "val_accuracy": 0.18516118580916896,
  "train_f1_macro": 0.33111933190282955,
  "val_f1_macro": 0.1843827340401945,
  "n_support_vectors": 28782,
  "n_support_vectors_per_class": {
    "1": 2624,
    "2": 2624,
    "3": 2625,
    "4": 2625,
    "5": 2624,
    "6": 2625,
    "7": 2624,
    "8": 2622,
    "9": 2622,
    "10": 2589,
    "11": 2578
  },
  "training_time_sec": 66.60969948768616
}