{
  "C": 0.1,
  "gamma": 0.1,
  "train_accuracy": 0.1609331065366057,
  "val_accuracy": 0.12344079053944597,
  "train_f1_macro": 0.1412566736407002,
  "val_f1_macro": 0.09478476119267283,
  "n_support_vectors": 28807,
  "n_support_vectors_per_class": {
    "1": 2625,
    "2": 2625,
    "3": 2625,
    "4": 2625,
    "5": 2625,
    "6": 2625,
    "7": 2625,
    "8": 2625,
    "9": 2625,
    "10": 2592,
    "11": 2590
  },
  "training_time_sec": 75.99777960777283
}