{
  "C": 1,
  "gamma": 0.001,
  "train_accuracy": 0.16190509251223661,
  "val_accuracy": 0.1342945083427831,
  "train_f1_macro": 0.14119962057958022,
  "val_f1_macro": 0.11313475121714674,
  "n_support_vectors": 28781,
  "n_support_vectors_per_class": {
    "1": 2617,
    "2": 2625,
    "3": 2625,
    "4": 2625,
    "5": 2625,
    "6": 2625,
    "7": 2625,
    "8": 2623,
    "9": 2624,
    "10": 2592,
    "11": 2575
  },
  "training_time_sec": 68.82810997962952
}