{
  "C": 100,
  "gamma": 0.01,
  "train_accuracy": 0.7121532960738709,
  "val_accuracy": 0.2373238295804309,
  "train_f1_macro": 0.7151659688739341,
  "val_f1_macro": 0.23783651146513743,
  "n_support_vectors": 28359,
  "n_support_vectors_per_class": {
    "1": 2618,
    "2": 2612,
    "3": 2615,
    "4": 2614,
    "5": 2613,
    "6": 2618,
    "7": 2569,
    "8": 2588,
    "9": 2579,
    "10": 2485,
    "11": 2448
  },
  "training_time_sec": 93.27453064918518
}