{
  "C": 1,
  "gamma": 0.1,
  "train_accuracy": 0.7369042246676155,
  "val_accuracy": 0.21399643609266158,
  "train_f1_macro": 0.7399339517841322,
  "val_f1_macro": 0.2053224883584899,
  "n_support_vectors": 28792,
  "n_support_vectors_per_class": {
    "1": 2625,
    "2": 2625,
    "3": 2623,
    "4": 2625,
    "5": 2625,
    "6": 2625,
    "7": 2623,
    "8": 2623,
    "9": 2623,
    "10": 2588,
    "11": 2587
  },
  "training_time_sec": 78.91010475158691
}