{
  "C": 10,
  "gamma": 0.01,
  "train_accuracy": 0.516263408199396,
  "val_accuracy": 0.21545439818564718,
  "train_f1_macro": 0.52629528205194,
  "val_f1_macro": 0.21764157745194143,
  "n_support_vectors": 28660,
  "n_support_vectors_per_class": {
    "1": 2625,
    "2": 2621,
    "3": 2617,
    "4": 2623,
    "5": 2623,
    "6": 2624,
    "7": 2610,
    "8": 2615,
    "9": 2608,
    "10": 2553,
    "11": 2541
  },
  "training_time_sec": 68.2587263584137
}