{
  "C": 10,
  "gamma": 0.1,
  "train_accuracy": 0.921512132467803,
  "val_accuracy": 0.23278794751336465,
  "train_f1_macro": 0.9217724834640382,
  "val_f1_macro": 0.2243659488046483,
  "n_support_vectors": 28752,
  "n_support_vectors_per_class": {
    "1": 2624,
    "2": 2624,
    "3": 2622,
    "4": 2625,
    "5": 2621,
    "6": 2624,
    "7": 2618,
    "8": 2617,
    "9": 2617,
    "10": 2581,
    "11": 2579
  },
  "training_time_sec": 91.50060439109802
}