{
  "C": 100,
  "gamma": 0.1,
  "train_accuracy": 0.9809074183358212,
  "val_accuracy": 0.22954803175117447,
  "train_f1_macro": 0.9809515422225636,
  "val_f1_macro": 0.2214507243619642,
  "n_support_vectors": 28719,
  "n_support_vectors_per_class": {
    "1": 2624,
    "2": 2621,
    "3": 2620,
    "4": 2624,
    "5": 2621,
    "6": 2623,
    "7": 2610,
    "8": 2611,
    "9": 2617,
    "10": 2575,
    "11": 2573
  },
  "training_time_sec": 100.81906461715698
}