{
  "C": 0.1,
  "gamma": 0.01,
  "train_accuracy": 0.1488179956260631,
  "val_accuracy": 0.13478049570711162,
  "train_f1_macro": 0.12130963292237196,
  "val_f1_macro": 0.11059738750309901,
  "n_support_vectors": 28806,
  "n_support_vectors_per_class": {
    "1": 2625,
    "2": 2625,
    "3": 2625,
    "4": 2625,
    "5": 2625,
    "6": 2625,
    "7": 2625,
    "8": 2625,
    "9": 2625,
    "10": 2592,
    "11": 2589
  },
  "training_time_sec": 72.67024946212769
}