{
  "C": 100,
  "gamma": 0.01,
  "seed": 0,
  "train_accuracy": 0.7062866664352414,
  "val_accuracy": 0.2408877369188401,
  "test_accuracy": 0.24214447683835438,
  "train_f1_macro": 0.7086582615827566,
  "val_f1_macro": 0.2423131054157989,
  "test_f1_macro": 0.243852310047661,
  "test_f1_per_class": [
    0.19693301049233253,
    0.1694036300777874,
    0.1760268231349539,
    0.14915254237288136,
    0.15194681861348527,
    0.162426614481409,
    0.2965900079302141,
    0.27599243856332706,
    0.29739776951672864,
    0.4157706093189964,
    0.3907351460221551
  ],
  "confusion_matrix": [
    [
      122,
      98,
      85,
      88,
      79,
      60,
      4,
      6,
      12,
      5,
      4
    ],
    [
      114,
      98,
      95,
      92,
      67,
      70,
      9,
      4,
      3,
      7,
      3
    ],
    [
      108,
      85,
      105,
      105,
      68,
      62,
      12,
      8,
      4,
      2,
      3
    ],
    [
      100,
      85,
      104,
      88,
      72,
      79,
      9,
      6,
      3,
      12,
      5
    ],
    [
      96,
      95,
      94,
      96,
      80,
      83,
      3,
      3,
      5,
      6,
      2
    ],
    [
      90,
      89,
      90,
      104,
      78,
      83,
      4,
      6,
      4,
      9,
      6
    ],
    [
      7,
      6,
      14,
      3,
      8,
      7,
      187,
      149,
      161,
      17,
      4
    ],
    [
      3,
      5,
      11,
      6,
      8,
      5,
      230,
      146,
      132,
      7,
      9
    ],
    [
      7,
      11,
      14,
      7,
      6,
      5,
      188,
      142,
      160,
      9,
      14
    ],
    [
      14,
      11,
      14,
      16,
      11,
      3,
      32,
      10,
      18,
      232,
      194
    ],
    [
      15,
      12,
      5,
      12,
      13,
      2,
      20,
      16,
      11,
      255,
      194
    ]
  ],
  "n_support_vectors": 28343,
  "n_support_vectors_per_class": {
    "1": 2609,
    "2": 2614,
    "3": 2617,
    "4": 2613,
    "5": 2613,
    "6": 2612,
    "7": 2566,
    "8": 2579,
    "9": 2576,
    "10": 2482,
    "11": 2462
  },
  "training_time_sec": 97.25937986373901,
  "inference_time_per_sample": 0.0021626319088208315
}