{
  "C": 100,
  "gamma": 0.01,
  "seed": 4,
  "train_accuracy": 0.7115978755163676,
  "val_accuracy": 0.2316539769965981,
  "test_accuracy": 0.23825720764496275,
  "train_f1_macro": 0.7134494760987541,
  "val_f1_macro": 0.2320018264360388,
  "test_f1_macro": 0.23913011102703027,
  "test_f1_per_class": [
    0.1889763779527559,
    0.14949863263445762,
    0.1732418524871355,
    0.16541353383458646,
    0.13886210221793635,
    0.13966480446927373,
    0.2935323383084577,
    0.24644549763033174,
    0.3035230352303523,
    0.45127304653204564,
    0.38
  ],
  "confusion_matrix": [
    [
      120,
      72,
      94,
      92,
      69,
      81,
      9,
      8,
      3,
      9,
      6
    ],
    [
      110,
      82,
      96,
      87,
      79,
      80,
      3,
      11,
      2,
      5,
      8
    ],
    [
      101,
      90,
      101,
      93,
      71,
      83,
      7,
      7,
      3,
      3,
      4
    ],
    [
      115,
      79,
      90,
      99,
      72,
      76,
      5,
      6,
      2,
      8,
      10
    ],
    [
      112,
      88,
      82,
      114,
      72,
      72,
      4,
      2,
      4,
      11,
      1
    ],
    [
      92,
      95,
      99,
      103,
      73,
      75,
      3,
      7,
      2,
      5,
      9
    ],
    [
      17,
      4,
      6,
      4,
      9,
      6,
      177,
      139,
      167,
      19,
      14
    ],
    [
      4,
      3,
      5,
      6,
      8,
      7,
      215,
      130,
      162,
      12,
      11
    ],
    [
      8,
      6,
      11,
      7,
      6,
      7,
      187,
      144,
      168,
      10,
      9
    ],
    [
      12,
      6,
      10,
      10,
      9,
      15,
      16,
      22,
      15,
      257,
      183
    ],
    [
      16,
      9,
      9,
      20,
      7,
      9,
      18,
      16,
      16,
      245,
      190
    ]
  ],
  "n_support_vectors": 28330,
  "n_support_vectors_per_class": {
    "1": 2614,
    "2": 2613,
    "3": 2618,
    "4": 2616,
    "5": 2608,
    "6": 2619,
    "7": 2568,
    "8": 2573,
    "9": 2562,
    "10": 2483,
    "11": 2456
  },
  "training_time_sec": 93.37966918945312,
  "inference_time_per_sample": 0.0021563687292086024
}