{
  "C": 100,
  "gamma": 0.01,
  "seed": 2,
  "train_accuracy": 0.7103828930468289,
  "val_accuracy": 0.23327393487769318,
  "test_accuracy": 0.24554583738257207,
  "train_f1_macro": 0.7129793354149182,
  "val_f1_macro": 0.234429712003948,
  "test_f1_macro": 0.2462608242509546,
  "test_f1_per_class": [
    0.17391304347826086,
    0.18312101910828024,
    0.16197783461210571,
    0.142721217887726,
    0.13922859830667922,
    0.14964610717896865,
    0.31137724550898205,
    0.28383458646616544,
    0.3357142857142857,
    0.4160839160839161,
    0.41125121241513096
  ],
  "confusion_matrix": [
    [
      112,
      115,
      78,
      77,
      88,
      59,
      11,
      6,
      5,
      8,
      4
    ],
    [
      106,
      115,
      101,
      77,
      71,
      51,
      11,
      8,
      3,
      9,
      10
    ],
    [
      128,
      97,
      95,
      84,
      66,
      69,
      3,
      6,
      5,
      8,
      2
    ],
    [
      128,
      93,
      93,
      75,
      84,
      68,
      3,
      3,
      0,
      13,
      3
    ],
    [
      118,
      100,
      89,
      75,
      74,
      81,
      5,
      6,
      3,
      8,
      3
    ],
    [
      91,
      112,
      104,
      69,
      83,
      74,
      3,
      4,
      4,
      13,
      5
    ],
    [
      8,
      10,
      10,
      7,
      6,
      6,
      182,
      144,
      159,
      21,
      10
    ],
    [
      3,
      4,
      7,
      7,
      3,
      4,
      191,
      151,
      168,
      14,
      11
    ],
    [
      9,
      13,
      14,
      5,
      6,
      3,
      161,
      141,
      188,
      16,
      7
    ],
    [
      8,
      20,
      11,
      6,
      11,
      7,
      19,
      18,
      8,
      238,
      209
    ],
    [
      14,
      15,
      8,
      6,
      9,
      5,
      17,
      14,
      14,
      241,
      212
    ]
  ],
  "n_support_vectors": 28352,
  "n_support_vectors_per_class": {
    "1": 2607,
    "2": 2617,
    "3": 2615,
    "4": 2615,
    "5": 2613,
    "6": 2613,
    "7": 2572,
    "8": 2573,
    "9": 2580,
    "10": 2477,
    "11": 2470
  },
  "training_time_sec": 93.15692806243896,
  "inference_time_per_sample": 0.0020416751431538366
}