{
  "C": 100,
  "gamma": 0.01,
  "seed": 1,
  "train_accuracy": 0.7086124900197869,
  "val_accuracy": 0.2425076947999352,
  "test_accuracy": 0.23517978620019436,
  "train_f1_macro": 0.7116700892824922,
  "val_f1_macro": 0.2436209434387808,
  "test_f1_macro": 0.2359266874736184,
  "test_f1_per_class": [
    0.1782456140350877,
    0.1549053356282272,
    0.16917922948073702,
    0.14205607476635515,
    0.12562313060817548,
    0.1170534813319879,
    0.2791095890410959,
    0.2706209453197405,
    0.3333333333333333,
    0.41495992876224397,
    0.4101068999028183
  ],
  "confusion_matrix": [
    [
      127,
      96,
      94,
      88,
      69,
      59,
      7,
      5,
      5,
      9,
      4
    ],
    [
      130,
      90,
      93,
      88,
      68,
      67,
      7,
      1,
      6,
      7,
      6
    ],
    [
      134,
      80,
      101,
      80,
      70,
      62,
      12,
      8,
      4,
      10,
      1
    ],
    [
      133,
      94,
      84,
      76,
      79,
      74,
      3,
      1,
      4,
      12,
      3
    ],
    [
      124,
      95,
      101,
      76,
      63,
      77,
      7,
      5,
      6,
      6,
      3
    ],
    [
      134,
      104,
      111,
      66,
      65,
      58,
      4,
      4,
      1,
      10,
      5
    ],
    [
      12,
      3,
      6,
      6,
      5,
      6,
      163,
      168,
      160,
      17,
      16
    ],
    [
      6,
      11,
      8,
      9,
      3,
      10,
      200,
      146,
      148,
      9,
      13
    ],
    [
      7,
      11,
      6,
      8,
      5,
      4,
      169,
      147,
      184,
      12,
      10
    ],
    [
      32,
      5,
      14,
      7,
      7,
      8,
      19,
      16,
      12,
      233,
      202
    ],
    [
      23,
      10,
      14,
      3,
      6,
      4,
      15,
      15,
      11,
      243,
      211
    ]
  ],
  "n_support_vectors": 28316,
  "n_support_vectors_per_class": {
    "1": 2610,
    "2": 2616,
    "3": 2614,
    "4": 2609,
    "5": 2615,
    "6": 2609,
    "7": 2572,
    "8": 2559,
    "9": 2566,
    "10": 2473,
    "11": 2473
  },
  "training_time_sec": 93.58687734603882,
  "inference_time_per_sample": 0.00214572048588868
}