{
  "C": 100,
  "gamma": 0.01,
  "seed": 3,
  "train_accuracy": 0.7102093241226091,
  "val_accuracy": 0.2439656568929208,
  "test_accuracy": 0.2431162941367023,
  "train_f1_macro": 0.712293346947662,
  "val_f1_macro": 0.24484606381960178,
  "test_f1_macro": 0.24448528497530375,
  "test_f1_per_class": [
    0.17103235747303544,
    0.20294599018003273,
    0.1710863986313088,
    0.15045871559633028,
    0.12373225152129817,
    0.15004574565416284,
    0.30155979202772965,
    0.29237668161434976,
    0.31368993653671806,
    0.42001787310098304,
    0.3923923923923924
  ],
  "confusion_matrix": [
    [
      111,
      87,
      82,
      89,
      66,
      90,
      8,
      9,
      4,
      12,
      5
    ],
    [
      124,
      124,
      92,
      68,
      53,
      77,
      6,
      7,
      3,
      8,
      1
    ],
    [
      119,
      103,
      100,
      81,
      62,
      73,
      3,
      4,
      6,
      8,
      3
    ],
    [
      111,
      105,
      89,
      82,
      70,
      76,
      8,
      2,
      5,
      11,
      4
    ],
    [
      116,
      102,
      101,
      80,
      61,
      75,
      3,
      6,
      5,
      11,
      3
    ],
    [
      110,
      91,
      97,
      79,
      64,
      82,
      12,
      6,
      6,
      9,
      7
    ],
    [
      5,
      6,
      14,
      7,
      7,
      6,
      174,
      163,
      156,
      13,
      11
    ],
    [
      9,
      4,
      7,
      17,
      9,
      5,
      186,
      163,
      149,
      7,
      6
    ],
    [
      10,
      16,
      8,
      8,
      9,
      5,
      153,
      165,
      173,
      4,
      12
    ],
    [
      8,
      13,
      8,
      10,
      12,
      24,
      23,
      11,
      15,
      235,
      196
    ],
    [
      12,
      8,
      9,
      6,
      10,
      17,
      16,
      17,
      18,
      246,
      196
    ]
  ],
  "n_support_vectors": 28367,
  "n_support_vectors_per_class": {
    "1": 2620,
    "2": 2613,
    "3": 2620,
    "4": 2614,
    "5": 2614,
    "6": 2614,
    "7": 2570,
    "8": 2571,
    "9": 2576,
    "10": 2486,
    "11": 2469
  },
  "training_time_sec": 96.25213170051575,
  "inference_time_per_sample": 0.0021715018214011677
}