{
  "C": 10,
  "gamma": 0.1,
  "train_accuracy": 0.9201930086437324,
  "val_accuracy": 0.22209622549813704,
  "train_f1_macro": 0.9204089834348849,
  "val_f1_macro": 0.2144496080289349,
  "n_support_vectors": 28749,
  "n_support_vectors_per_class": {
    "1": 2625,
    "2": 2624,
    "3": 2623,
    "4": 2624,
    "5": 2621,
    "6": 2624,
    "7": 2622,
    "8": 2614,
    "9": 2619,
    "10": 2579,
    "11": 2574
  },
  "training_time_sec": 95.945809841156
}