{
  "C": 1,
  "gamma": 0.1,
  "train_accuracy": 0.7352379629951054,
  "val_accuracy": 0.20395269722987203,
  "train_f1_macro": 0.7381185352582917,
  "val_f1_macro": 0.19825763400247398,
  "n_support_vectors": 28792,
  "n_support_vectors_per_class": {
    "1": 2625,
    "2": 2625,
    "3": 2623,
    "4": 2625,
    "5": 2624,
    "6": 2625,
    "7": 2625,
    "8": 2623,
    "9": 2623,
    "10": 2586,
    "11": 2588
  },
  "training_time_sec": 84.27034950256348
}