{
  "C": 0.1,
  "gamma": 0.01,
  "train_accuracy": 0.15169923976811192,
  "val_accuracy": 0.1349424914952211,
  "train_f1_macro": 0.12595987871651804,
  "val_f1_macro": 0.1062709647427539,
  "n_support_vectors": 28807,
  "n_support_vectors_per_class": {
    "1": 2625,
    "2": 2625,
    "3": 2625,
    "4": 2625,
    "5": 2624,
    "6": 2625,
    "7": 2625,
    "8": 2625,
    "9": 2625,
    "10": 2592,
    "11": 2591
  },
  "training_time_sec": 78.37224888801575
}