{
  "C": 10,
  "gamma": 0.001,
  "train_accuracy": 0.2316798000485993,
  "val_accuracy": 0.1713915438198607,
  "train_f1_macro": 0.22923807678544209,
  "val_f1_macro": 0.16358536471674134,
  "n_support_vectors": 28733,
  "n_support_vectors_per_class": {
    "1": 2625,
    "2": 2625,
    "3": 2624,
    "4": 2622,
    "5": 2624,
    "6": 2623,
    "7": 2623,
    "8": 2616,
    "9": 2618,
    "10": 2579,
    "11": 2554
  },
  "training_time_sec": 70.62282419204712
}