{
  "C": 0.1,
  "gamma": 0.001,
  "train_accuracy": 0.12344221890512723,
  "val_accuracy": 0.11582698849829905,
  "train_f1_macro": 0.08267921229619529,
  "val_f1_macro": 0.07612518386964134,
  "n_support_vectors": 28807,
  "n_support_vectors_per_class": {
    "1": 2625,
    "2": 2625,
    "3": 2625,
    "4": 2625,
    "5": 2624,
    "6": 2625,
    "7": 2625,
    "8": 2625,
    "9": 2625,
    "10": 2592,
    "11": 2591
  },
  "training_time_sec": 79.50610208511353
}