{
  "C": 1,
  "gamma": 0.01,
  "train_accuracy": 0.31797826917068767,
  "val_accuracy": 0.19034505102867325,
  "train_f1_macro": 0.3263289514855164,
  "val_f1_macro": 0.18813851711177493,
  "n_support_vectors": 28785,
  "n_support_vectors_per_class": {
    "1": 2624,
    "2": 2625,
    "3": 2624,
    "4": 2625,
    "5": 2624,
    "6": 2625,
    "7": 2624,
    "8": 2623,
    "9": 2622,
    "10": 2588,
    "11": 2581
  },
  "training_time_sec": 72.6078360080719
}