{
  "C": 100,
  "gamma": 0.01,
  "train_accuracy": 0.712118582289027,
  "val_accuracy": 0.23311193908958366,
  "train_f1_macro": 0.7143352922018308,
  "val_f1_macro": 0.2344429674872522,
  "n_support_vectors": 28350,
  "n_support_vectors_per_class": {
    "1": 2620,
    "2": 2612,
    "3": 2616,
    "4": 2613,
    "5": 2616,
    "6": 2617,
    "7": 2567,
    "8": 2576,
    "9": 2561,
    "10": 2470,
    "11": 2482
  },
  "training_time_sec": 95.76283836364746
}