{
  "C": 0.1,
  "gamma": 0.1,
  "train_accuracy": 0.1538862082132815,
  "val_accuracy": 0.12635671472541715,
  "train_f1_macro": 0.1265185291409587,
  "val_f1_macro": 0.0933683678600667,
  "n_support_vectors": 28807,
  "n_support_vectors_per_class": {
    "1": 2625,
    "2": 2625,
    "3": 2625,
    "4": 2625,
    "5": 2624,
    "6": 2625,
    "7": 2625,
    "8": 2625,
    "9": 2625,
    "10": 2592,
    "11": 2591
  },
  "training_time_sec": 84.0595121383667
}