{
  "C": 100,
  "gamma": 0.001,
  "train_accuracy": 0.3286701149026278,
  "val_accuracy": 0.1981208488579297,
  "train_f1_macro": 0.33602819905340514,
  "val_f1_macro": 0.19939859486783806,
  "n_support_vectors": 28598,
  "n_support_vectors_per_class": {
    "1": 2624,
    "2": 2624,
    "3": 2623,
    "4": 2619,
    "5": 2617,
    "6": 2622,
    "7": 2610,
    "8": 2602,
    "9": 2606,
    "10": 2534,
    "11": 2517
  },
  "training_time_sec": 80.44997644424438
}