{
  "C": 100,
  "gamma": 0.1,
  "train_accuracy": 0.9808727045509772,
  "val_accuracy": 0.22890004859873644,
  "train_f1_macro": 0.9809462247375936,
  "val_f1_macro": 0.22087566631519878,
  "n_support_vectors": 28700,
  "n_support_vectors_per_class": {
    "1": 2621,
    "2": 2623,
    "3": 2618,
    "4": 2624,
    "5": 2622,
    "6": 2623,
    "7": 2613,
    "8": 2608,
    "9": 2611,
    "10": 2570,
    "11": 2567
  },
  "training_time_sec": 105.62899899482727
}