{
  "C": 10,
  "gamma": 0.01,
  "train_accuracy": 0.5131738813482835,
  "val_accuracy": 0.21480641503320913,
  "train_f1_macro": 0.5216247317606449,
  "val_f1_macro": 0.21796940811337118,
  "n_support_vectors": 28658,
  "n_support_vectors_per_class": {
    "1": 2624,
    "2": 2622,
    "3": 2622,
    "4": 2622,
    "5": 2622,
    "6": 2622,
    "7": 2610,
    "8": 2609,
    "9": 2607,
    "10": 2553,
    "11": 2545
  },
  "training_time_sec": 71.91911721229553
}