{
  "C": 100,
  "gamma": 0.01,
  "seed": 0,
  "train_accuracy": 0.712118582289027,
  "val_accuracy": 0.23311193908958366,
  "test_accuracy": 0.24052478134110788,
  "train_f1_macro": 0.7143352922018308,
  "val_f1_macro": 0.2344429674872522,
  "test_f1_macro": 0.24207171748603742,
  "test_f1_per_class": [
    0.1926040061633282,
    0.166383701188455,
    0.16624685138539042,
    0.14772727272727273,
    0.14335664335664336,
    0.15369458128078817,
    0.3152454780361757,
    0.28598130841121494,
    0.3157894736842105,
    0.4081272084805654,
    0.3676323676323676
  ],
  "confusion_matrix": [
    [
      125,
      97,
      90,
      77,
      82,
      69,
      2,
      4,
      7,
      7,
      3
    ],
    [
      94,
      98,
      95,
      76,
      90,
      79,
      5,
      4,
      4,
      8,
      9
    ],
    [
      108,
      89,
      99,
      68,
      84,
      80,
      10,
      6,
      5,
      8,
      6
    ],
    [
      116,
      101,
      96,
      78,
      75,
      71,
      5,
      4,
      3,
      7,
      7
    ],
    [
      116,
      104,
      107,
      76,
      82,
      51,
      2,
      4,
      6,
      8,
      7
    ],
    [
      119,
      85,
      85,
      71,
      100,
      78,
      1,
      5,
      4,
      7,
      7
    ],
    [
      12,
      5,
      10,
      9,
      10,
      1,
      183,
      161,
      143,
      18,
      11
    ],
    [
      8,
      5,
      5,
      8,
      7,
      2,
      185,
      153,
      169,
      10,
      10
    ],
    [
      8,
      7,
      14,
      11,
      12,
      6,
      166,
      139,
      174,
      16,
      10
    ],
    [
      17,
      15,
      13,
      11,
      21,
      8,
      20,
      15,
      12,
      231,
      192
    ],
    [
      12,
      10,
      14,
      8,
      18,
      8,
      19,
      13,
      12,
      257,
      184
    ]
  ],
  "n_support_vectors": 28350,
  "n_support_vectors_per_class": {
    "1": 2620,
    "2": 2612,
    "3": 2616,
    "4": 2613,
    "5": 2616,
    "6": 2617,
    "7": 2567,
    "8": 2576,
    "9": 2561,
    "10": 2470,
    "11": 2482
  },
  "training_time_sec": 97.82558536529541,
  "inference_time_per_sample": 0.0020546997331051444
}