{
  "n_trials": 5,
  "C": 100,
  "gamma": 0.01,
  "test_accuracy_mean": 0.24084872044055722,
  "test_accuracy_ci_low": 0.2377996436669906,
  "test_accuracy_ci_high": 0.24389374797538066,
  "test_accuracy_std": 0.004115110468387592,
  "test_f1_macro_mean": 0.24193104355491363,
  "test_f1_macro_ci_low": 0.23815249669910926,
  "test_f1_macro_ci_high": 0.24494547558914523,
  "test_f1_macro_std": 0.0042679014170415655,
  "train_accuracy_mean": 0.7094178498281668,
  "train_accuracy_std": 0.0020471422663648252,
  "val_accuracy_mean": 0.23845780009719747,
  "val_accuracy_std": 0.005608190303940956,
  "test_f1_per_class_mean": [
    0.1818200806862945,
    0.17197492152575702,
    0.1703024276692482,
    0.14996041689157585,
    0.1358785802535149,
    0.14376735062316043,
    0.2964337945632959,
    0.2738540299187829,
    0.31673167206628355,
    0.42362107475963706,
    0.3968971301464993
  ],
  "test_f1_per_class_std": [
    0.010854564238880133,
    0.021717553094534436,
    0.005305279349734041,
    0.009415205955545484,
    0.011521934053802573,
    0.016975039381324983,
    0.01181263649827673,
    0.017385003628080455,
    0.017273352364452918,
    0.015580987000354434,
    0.01345653570350935
  ],
  "confusion_matrix_mean": [
    [
      118.4,
      93.6,
      86.6,
      86.8,
      74.2,
      69.8,
      7.8,
      6.8,
      5.8,
      8.6,
      4.6
    ],
    [
      116.8,
      101.8,
      95.4,
      82.4,
      67.6,
      69.0,
      7.2,
      6.2,
      3.4,
      7.2,
      5.6
    ],
    [
      118.0,
      91.0,
      100.4,
      88.6,
      67.4,
      69.8,
      7.4,
      6.6,
      4.4,
      6.2,
      2.6
    ],
    [
      117.4,
      91.2,
      92.0,
      84.0,
      75.4,
      74.6,
      5.6,
      3.6,
      2.8,
      11.2,
      5.0
    ],
    [
      113.2,
      96.0,
      93.4,
      88.2,
      70.0,
      77.6,
      4.4,
      4.4,
      4.6,
      8.4,
      2.4
    ],
    [
      103.4,
      98.2,
      100.2,
      84.2,
      72.6,
      74.4,
      5.2,
      5.4,
      3.4,
      9.2,
      6.4
    ],
    [
      9.8,
      5.8,
      10.0,
      5.4,
      7.0,
      6.2,
      176.6,
      152.6,
      160.6,
      17.4,
      11.0
    ],
    [
      5.0,
      5.4,
      7.6,
      9.0,
      6.2,
      6.2,
      204.4,
      147.2,
      151.8,
      9.8,
      10.0
    ],
    [
      8.2,
      11.4,
      10.6,
      7.0,
      6.4,
      4.8,
      171.6,
      147.8,
      174.6,
      10.2,
      10.4
    ],
    [
      14.8,
      11.0,
      11.4,
      9.8,
      10.0,
      11.4,
      21.8,
      15.4,
      13.6,
      239.0,
      196.8
    ],
    [
      16.0,
      10.8,
      9.0,
      9.4,
      9.0,
      7.4,
      17.2,
      15.6,
      14.0,
      246.0,
      200.6
    ]
  ],
  "confusion_matrix_std": [
    [
      6.8044103344816,
      15.757537878742351,
      7.197221686178632,
      5.718391382198319,
      9.148770409186143,
      14.68672870315238,
      2.588435821108957,
      1.6431676725154984,
      3.5637059362410923,
      2.5099800796022267,
      0.8944271909999159
    ],
    [
      9.959919678390985,
      17.412639087743134,
      3.507135583350036,
      9.762171889492626,
      9.423375191511797,
      11.335784048754634,
      3.03315017762062,
      3.8340579025361627,
      1.5165750888103102,
      1.4832396974191326,
      3.646916505762094
    ],
    [
      13.656500283747663,
      9.192388155425117,
      3.5777087639996634,
      10.5023806824929,
      3.5777087639996634,
      8.757853618324527,
      4.505552130427524,
      1.6733200530681511,
      1.140175425099138,
      3.492849839314596,
      1.140175425099138
    ],
    [
      13.277801022759755,
      9.859006035092989,
      7.44983221287567,
      9.874208829065749,
      5.89915248150105,
      4.09878030638384,
      2.792848008753788,
      2.3021728866442674,
      1.9235384061671346,
      1.9235384061671346,
      2.9154759474226504
    ],
    [
      10.545141061171254,
      5.431390245600108,
      8.142481194328912,
      16.70927885936434,
      7.905694150420948,
      4.449719092257397,
      1.6733200530681511,
      1.816590212458495,
      1.1401754250991378,
      2.5099800796022267,
      0.8944271909999159
    ],
    [
      18.994736112934024,
      9.628083921528727,
      7.854934754662192,
      18.26745740380965,
      8.203657720797475,
      10.014988766843427,
      3.8340579025361627,
      1.3416407864998738,
      1.949358868961793,
      2.8635642126552705,
      1.6733200530681511
    ],
    [
      4.764451699828638,
      2.6832815729997477,
      4.0,
      1.816590212458495,
      1.5811388300841898,
      0.44721359549995787,
      9.071934744033381,
      12.421755109484328,
      4.03732584763727,
      2.9664793948382653,
      4.58257569495584
    ],
    [
      2.5495097567963922,
      3.2093613071762426,
      2.1908902300206643,
      4.636809247747852,
      2.9495762407505253,
      2.3874672772626644,
      18.063775906493085,
      11.861703081766969,
      13.971399357258385,
      3.1144823004794873,
      2.6457513110645907
    ],
    [
      1.3038404810405297,
      3.646916505762094,
      3.5777087639996634,
      1.224744871391589,
      1.51657508881031,
      1.4832396974191326,
      15.582040944625966,
      9.884331034521255,
      11.48041811085293,
      4.381780460041329,
      2.701851217221259
    ],
    [
      9.959919678390985,
      6.041522986797286,
      2.6076809620810595,
      3.8987177379235853,
      2.0,
      8.264381404557755,
      6.220932405998316,
      4.979959839195493,
      3.7815340802378077,
      10.319883720275147,
      9.67987603226405
    ],
    [
      4.183300132670378,
      2.7748873851023212,
      3.24037034920393,
      6.767569726275452,
      2.7386127875258306,
      5.941380311005179,
      1.9235384061671343,
      1.140175425099138,
      3.082207001484488,
      5.385164807134504,
      10.188228501560024
    ]
  ],
  "n_support_vectors_mean": 28341.6,
  "n_support_vectors_std": 19.654516020497685,
  "training_time_mean": 94.72699723243713,
  "training_time_std": 1.8920412486512836,
  "test_accuracies_all": [
    0.24214447683835438,
    0.23517978620019436,
    0.24554583738257207,
    0.2431162941367023,
    0.23825720764496275
  ],
  "test_f1_macros_all": [
    0.243852310047661,
    0.2359266874736184,
    0.2462608242509546,
    0.24448528497530375,
    0.23913011102703027
  ]
}