{
  "C_values": [
    0.1,
    1,
    10,
    100
  ],
  "gamma_values": [
    0.001,
    0.01,
    0.1
  ],
  "val_accuracy_grid": [
    [
      0.11598898428640855,
      0.13478049570711162,
      0.12344079053944597
    ],
    [
      0.1342945083427831,
      0.18516118580916896,
      0.21399643609266158
    ],
    [
      0.1662076786003564,
      0.21545439818564718,
      0.23278794751336465
    ],
    [
      0.19941681516280577,
      0.2373238295804309,
      0.22954803175117447
    ]
  ],
  "training_times": [
    [
      74.98292970657349,
      72.67024946212769,
      75.99777960777283
    ],
    [
      68.82810997962952,
      66.60969948768616,
      78.91010475158691
    ],
    [
      66.33063244819641,
      68.2587263584137,
      91.50060439109802
    ],
    [
      77.1894097328186,
      93.27453064918518,
      100.81906461715698
    ]
  ],
  "best_C": 100,
  "best_gamma": 0.01,
  "best_val_accuracy": 0.2373238295804309,
  "best_idx": [
    3,
    1
  ],
  "all_results": [
    {
      "C": 0.1,
      "gamma": 0.001,
      "train_accuracy": 0.1231992224112195,
      "val_accuracy": 0.11598898428640855,
      "train_f1_macro": 0.07957651031371209,
      "val_f1_macro": 0.07663436204048851,
      "n_support_vectors": 28807,
      "n_support_vectors_per_class": {
        "1": 2625,
        "2": 2625,
        "3": 2625,
        "4": 2625,
        "5": 2625,
        "6": 2625,
        "7": 2625,
        "8": 2625,
        "9": 2625,
        "10": 2592,
        "11": 2590
      },
      "training_time_sec": 74.98292970657349
    },
    {
      "C": 0.1,
      "gamma": 0.01,
      "train_accuracy": 0.1488179956260631,
      "val_accuracy": 0.13478049570711162,
      "train_f1_macro": 0.12130963292237196,
      "val_f1_macro": 0.11059738750309901,
      "n_support_vectors": 28806,
      "n_support_vectors_per_class": {
        "1": 2625,
        "2": 2625,
        "3": 2625,
        "4": 2625,
        "5": 2625,
        "6": 2625,
        "7": 2625,
        "8": 2625,
        "9": 2625,
        "10": 2592,
        "11": 2589
      },
      "training_time_sec": 72.67024946212769
    },
    {
      "C": 0.1,
      "gamma": 0.1,
      "train_accuracy": 0.1609331065366057,
      "val_accuracy": 0.12344079053944597,
      "train_f1_macro": 0.1412566736407002,
      "val_f1_macro": 0.09478476119267283,
      "n_support_vectors": 28807,
      "n_support_vectors_per_class": {
        "1": 2625,
        "2": 2625,
        "3": 2625,
        "4": 2625,
        "5": 2625,
        "6": 2625,
        "7": 2625,
        "8": 2625,
        "9": 2625,
        "10": 2592,
        "11": 2590
      },
      "training_time_sec": 75.99777960777283
    },
    {
      "C": 1,
      "gamma": 0.001,
      "train_accuracy": 0.16190509251223661,
      "val_accuracy": 0.1342945083427831,
      "train_f1_macro": 0.14119962057958022,
      "val_f1_macro": 0.11313475121714674,
      "n_support_vectors": 28781,
      "n_support_vectors_per_class": {
        "1": 2617,
        "2": 2625,
        "3": 2625,
        "4": 2625,
        "5": 2625,
        "6": 2625,
        "7": 2625,
        "8": 2623,
        "9": 2624,
        "10": 2592,
        "11": 2575
      },
      "training_time_sec": 68.82810997962952
    },
    {
      "C": 1,
      "gamma": 0.01,
      "train_accuracy": 0.32287291283368624,
      "val_accuracy": 0.18516118580916896,
      "train_f1_macro": 0.33111933190282955,
      "val_f1_macro": 0.1843827340401945,
      "n_support_vectors": 28782,
      "n_support_vectors_per_class": {
        "1": 2624,
        "2": 2624,
        "3": 2625,
        "4": 2625,
        "5": 2624,
        "6": 2625,
        "7": 2624,
        "8": 2622,
        "9": 2622,
        "10": 2589,
        "11": 2578
      },
      "training_time_sec": 66.60969948768616
    },
    {
      "C": 1,
      "gamma": 0.1,
      "train_accuracy": 0.7369042246676155,
      "val_accuracy": 0.21399643609266158,
      "train_f1_macro": 0.7399339517841322,
      "val_f1_macro": 0.2053224883584899,
      "n_support_vectors": 28792,
      "n_support_vectors_per_class": {
        "1": 2625,
        "2": 2625,
        "3": 2623,
        "4": 2625,
        "5": 2625,
        "6": 2625,
        "7": 2623,
        "8": 2623,
        "9": 2623,
        "10": 2588,
        "11": 2587
      },
      "training_time_sec": 78.91010475158691
    },
    {
      "C": 10,
      "gamma": 0.001,
      "train_accuracy": 0.23039539000937273,
      "val_accuracy": 0.1662076786003564,
      "train_f1_macro": 0.2278535908501574,
      "val_f1_macro": 0.15941506467225516,
      "n_support_vectors": 28753,
      "n_support_vectors_per_class": {
        "1": 2623,
        "2": 2625,
        "3": 2625,
        "4": 2624,
        "5": 2624,
        "6": 2624,
        "7": 2622,
        "8": 2620,
        "9": 2621,
        "10": 2583,
        "11": 2562
      },
      "training_time_sec": 66.33063244819641
    },
    {
      "C": 10,
      "gamma": 0.01,
      "train_accuracy": 0.516263408199396,
      "val_accuracy": 0.21545439818564718,
      "train_f1_macro": 0.52629528205194,
      "val_f1_macro": 0.21764157745194143,
      "n_support_vectors": 28660,
      "n_support_vectors_per_class": {
        "1": 2625,
        "2": 2621,
        "3": 2617,
        "4": 2623,
        "5": 2623,
        "6": 2624,
        "7": 2610,
        "8": 2615,
        "9": 2608,
        "10": 2553,
        "11": 2541
      },
      "training_time_sec": 68.2587263584137
    },
    {
      "C": 10,
      "gamma": 0.1,
      "train_accuracy": 0.921512132467803,
      "val_accuracy": 0.23278794751336465,
      "train_f1_macro": 0.9217724834640382,
      "val_f1_macro": 0.2243659488046483,
      "n_support_vectors": 28752,
      "n_support_vectors_per_class": {
        "1": 2624,
        "2": 2624,
        "3": 2622,
        "4": 2625,
        "5": 2621,
        "6": 2624,
        "7": 2618,
        "8": 2617,
        "9": 2617,
        "10": 2581,
        "11": 2579
      },
      "training_time_sec": 91.50060439109802
    },
    {
      "C": 100,
      "gamma": 0.001,
      "train_accuracy": 0.3299892387266984,
      "val_accuracy": 0.19941681516280577,
      "train_f1_macro": 0.33736815115846197,
      "val_f1_macro": 0.20076563882327852,
      "n_support_vectors": 28600,
      "n_support_vectors_per_class": {
        "1": 2620,
        "2": 2624,
        "3": 2620,
        "4": 2619,
        "5": 2621,
        "6": 2621,
        "7": 2612,
        "8": 2608,
        "9": 2600,
        "10": 2536,
        "11": 2519
      },
      "training_time_sec": 77.1894097328186
    },
    {
      "C": 100,
      "gamma": 0.01,
      "train_accuracy": 0.7121532960738709,
      "val_accuracy": 0.2373238295804309,
      "train_f1_macro": 0.7151659688739341,
      "val_f1_macro": 0.23783651146513743,
      "n_support_vectors": 28359,
      "n_support_vectors_per_class": {
        "1": 2618,
        "2": 2612,
        "3": 2615,
        "4": 2614,
        "5": 2613,
        "6": 2618,
        "7": 2569,
        "8": 2588,
        "9": 2579,
        "10": 2485,
        "11": 2448
      },
      "training_time_sec": 93.27453064918518
    },
    {
      "C": 100,
      "gamma": 0.1,
      "train_accuracy": 0.9809074183358212,
      "val_accuracy": 0.22954803175117447,
      "train_f1_macro": 0.9809515422225636,
      "val_f1_macro": 0.2214507243619642,
      "n_support_vectors": 28719,
      "n_support_vectors_per_class": {
        "1": 2624,
        "2": 2621,
        "3": 2620,
        "4": 2624,
        "5": 2621,
        "6": 2623,
        "7": 2610,
        "8": 2611,
        "9": 2617,
        "10": 2575,
        "11": 2573
      },
      "training_time_sec": 100.81906461715698
    }
  ]
}