{
  "trials": [
    {
      "C": 100,
      "gamma": 0.01,
      "seed": 0,
      "train_accuracy": 0.7062866664352414,
      "val_accuracy": 0.2408877369188401,
      "test_accuracy": 0.24214447683835438,
      "train_f1_macro": 0.7086582615827566,
      "val_f1_macro": 0.2423131054157989,
      "test_f1_macro": 0.243852310047661,
      "test_f1_per_class": [
        0.19693301049233253,
        0.1694036300777874,
        0.1760268231349539,
        0.14915254237288136,
        0.15194681861348527,
        0.162426614481409,
        0.2965900079302141,
        0.27599243856332706,
        0.29739776951672864,
        0.4157706093189964,
        0.3907351460221551
      ],
      "confusion_matrix": [
        [
          122,
          98,
          85,
          88,
          79,
          60,
          4,
          6,
          12,
          5,
          4
        ],
        [
          114,
          98,
          95,
          92,
          67,
          70,
          9,
          4,
          3,
          7,
          3
        ],
        [
          108,
          85,
          105,
          105,
          68,
          62,
          12,
          8,
          4,
          2,
          3
        ],
        [
          100,
          85,
          104,
          88,
          72,
          79,
          9,
          6,
          3,
          12,
          5
        ],
        [
          96,
          95,
          94,
          96,
          80,
          83,
          3,
          3,
          5,
          6,
          2
        ],
        [
          90,
          89,
          90,
          104,
          78,
          83,
          4,
          6,
          4,
          9,
          6
        ],
        [
          7,
          6,
          14,
          3,
          8,
          7,
          187,
          149,
          161,
          17,
          4
        ],
        [
          3,
          5,
          11,
          6,
          8,
          5,
          230,
          146,
          132,
          7,
          9
        ],
        [
          7,
          11,
          14,
          7,
          6,
          5,
          188,
          142,
          160,
          9,
          14
        ],
        [
          14,
          11,
          14,
          16,
          11,
          3,
          32,
          10,
          18,
          232,
          194
        ],
        [
          15,
          12,
          5,
          12,
          13,
          2,
          20,
          16,
          11,
          255,
          194
        ]
      ],
      "n_support_vectors": 28343,
      "n_support_vectors_per_class": {
        "1": 2609,
        "2": 2614,
        "3": 2617,
        "4": 2613,
        "5": 2613,
        "6": 2612,
        "7": 2566,
        "8": 2579,
        "9": 2576,
        "10": 2482,
        "11": 2462
      },
      "training_time_sec": 97.25937986373901,
      "inference_time_per_sample": 0.0021626319088208315
    },
    {
      "C": 100,
      "gamma": 0.01,
      "seed": 1,
      "train_accuracy": 0.7086124900197869,
      "val_accuracy": 0.2425076947999352,
      "test_accuracy": 0.23517978620019436,
      "train_f1_macro": 0.7116700892824922,
      "val_f1_macro": 0.2436209434387808,
      "test_f1_macro": 0.2359266874736184,
      "test_f1_per_class": [
        0.1782456140350877,
        0.1549053356282272,
        0.16917922948073702,
        0.14205607476635515,
        0.12562313060817548,
        0.1170534813319879,
        0.2791095890410959,
        0.2706209453197405,
        0.3333333333333333,
        0.41495992876224397,
        0.4101068999028183
      ],
      "confusion_matrix": [
        [
          127,
          96,
          94,
          88,
          69,
          59,
          7,
          5,
          5,
          9,
          4
        ],
        [
          130,
          90,
          93,
          88,
          68,
          67,
          7,
          1,
          6,
          7,
          6
        ],
        [
          134,
          80,
          101,
          80,
          70,
          62,
          12,
          8,
          4,
          10,
          1
        ],
        [
          133,
          94,
          84,
          76,
          79,
          74,
          3,
          1,
          4,
          12,
          3
        ],
        [
          124,
          95,
          101,
          76,
          63,
          77,
          7,
          5,
          6,
          6,
          3
        ],
        [
          134,
          104,
          111,
          66,
          65,
          58,
          4,
          4,
          1,
          10,
          5
        ],
        [
          12,
          3,
          6,
          6,
          5,
          6,
          163,
          168,
          160,
          17,
          16
        ],
        [
          6,
          11,
          8,
          9,
          3,
          10,
          200,
          146,
          148,
          9,
          13
        ],
        [
          7,
          11,
          6,
          8,
          5,
          4,
          169,
          147,
          184,
          12,
          10
        ],
        [
          32,
          5,
          14,
          7,
          7,
          8,
          19,
          16,
          12,
          233,
          202
        ],
        [
          23,
          10,
          14,
          3,
          6,
          4,
          15,
          15,
          11,
          243,
          211
        ]
      ],
      "n_support_vectors": 28316,
      "n_support_vectors_per_class": {
        "1": 2610,
        "2": 2616,
        "3": 2614,
        "4": 2609,
        "5": 2615,
        "6": 2609,
        "7": 2572,
        "8": 2559,
        "9": 2566,
        "10": 2473,
        "11": 2473
      },
      "training_time_sec": 93.58687734603882,
      "inference_time_per_sample": 0.00214572048588868
    },
    {
      "C": 100,
      "gamma": 0.01,
      "seed": 2,
      "train_accuracy": 0.7103828930468289,
      "val_accuracy": 0.23327393487769318,
      "test_accuracy": 0.24554583738257207,
      "train_f1_macro": 0.7129793354149182,
      "val_f1_macro": 0.234429712003948,
      "test_f1_macro": 0.2462608242509546,
      "test_f1_per_class": [
        0.17391304347826086,
        0.18312101910828024,
        0.16197783461210571,
        0.142721217887726,
        0.13922859830667922,
        0.14964610717896865,
        0.31137724550898205,
        0.28383458646616544,
        0.3357142857142857,
        0.4160839160839161,
        0.41125121241513096
      ],