{
  "n_trials": 5,
  "C": 100,
  "gamma": 0.01,
  "test_accuracy_mean": 0.2405247813411079,
  "test_accuracy_ci_low": 0.2405247813411079,
  "test_accuracy_ci_high": 0.2405247813411079,
  "test_accuracy_std": 3.1031676915590914e-17,
  "test_f1_macro_mean": 0.24207171748603745,
  "test_f1_macro_ci_low": 0.24207171748603745,
  "test_f1_macro_ci_high": 0.24207171748603745,
  "test_f1_macro_std": 3.1031676915590914e-17,
  "train_accuracy_mean": 0.712118582289027,
  "train_accuracy_std": 0.0,
  "val_accuracy_mean": 0.23311193908958366,
  "val_accuracy_std": 0.0,
  "test_f1_per_class_mean": [
    0.1926040061633282,
    0.166383701188455,
    0.16624685138539042,
    0.14772727272727273,
    0.14335664335664336,
    0.15369458128078817,
    0.3152454780361757,
    0.28598130841121494,
    0.3157894736842105,
    0.40812720848056544,
    0.3676323676323676
  ],
  "test_f1_per_class_std": [
    0.0,
    0.0,
    0.0,
    0.0,
    0.0,
    0.0,
    0.0,
    0.0,
    0.0,
    6.206335383118183e-17,
    0.0
  ],
  "confusion_matrix_mean": [
    [
      125.0,
      97.0,
      90.0,
      77.0,
      82.0,
      69.0,
      2.0,
      4.0,
      7.0,
      7.0,
      3.0
    ],
    [
      94.0,
      98.0,
      95.0,
      76.0,
      90.0,
      79.0,
      5.0,
      4.0,
      4.0,
      8.0,
      9.0
    ],
    [
      108.0,
      89.0,
      99.0,
      68.0,
      84.0,
      80.0,
      10.0,
      6.0,
      5.0,
      8.0,
      6.0
    ],
    [
      116.0,
      101.0,
      96.0,
      78.0,
      75.0,
      71.0,
      5.0,
      4.0,
      3.0,
      7.0,
      7.0
    ],
    [
      116.0,
      104.0,
      107.0,
      76.0,
      82.0,
      51.0,
      2.0,
      4.0,
      6.0,
      8.0,
      7.0
    ],
    [
      119.0,
      85.0,
      85.0,
      71.0,
      100.0,
      78.0,
      1.0,
      5.0,
      4.0,
      7.0,
      7.0
    ],
    [
      12.0,
      5.0,
      10.0,
      9.0,
      10.0,
      1.0,
      183.0,
      161.0,
      143.0,
      18.0,
      11.0
    ],
    [
      8.0,
      5.0,
      5.0,
      8.0,
      7.0,
      2.0,
      185.0,
      153.0,
      169.0,
      10.0,
      10.0
    ],
    [
      8.0,
      7.0,
      14.0,
      11.0,
      12.0,
      6.0,
      166.0,
      139.0,
      174.0,
      16.0,
      10.0
    ],
    [
      17.0,
      15.0,
      13.0,
      11.0,
      21.0,
      8.0,
      20.0,
      15.0,
      12.0,
      231.0,
      192.0
    ],
    [
      12.0,
      10.0,
      14.0,
      8.0,
      18.0,
      8.0,
      19.0,
      13.0,
      12.0,
      257.0,
      184.0
    ]
  ],
  "confusion_matrix_std": [
    [
      0.0,
      0.0,
      0.0,
      0.0,
      0.0,
      0.0,
      0.0,
      0.0,
      0.0,
      0.0,
      0.0
    ],
    [
      0.0,
      0.0,
      0.0,
      0.0,
      0.0,
      0.0,
      0.0,
      0.0,
      0.0,
      0.0,
      0.0
    ],
    [
      0.0,
      0.0,
      0.0,
      0.0,
      0.0,
      0.0,
      0.0,
      0.0,
      0.0,
      0.0,
      0.0
    ],
    [
      0.0,
      0.0,
      0.0,
      0.0,
      0.0,
      0.0,
      0.0,
      0.0,
      0.0,
      0.0,
      0.0
    ],
    [
      0.0,
      0.0,
      0.0,
      0.0,
      0.0,
      0.0,
      0.0,
      0.0,
      0.0,
      0.0,
      0.0
    ],
    [
      0.0,
      0.0,
      0.0,
      0.0,
      0.0,
      0.0,
      0.0,
      0.0,
      0.0,
      0.0,
      0.0
    ],
    [
      0.0,
      0.0,
      0.0,
      0.0,
      0.0,
      0.0,
      0.0,
      0.0,
      0.0,
      0.0,
      0.0
    ],
    [
      0.0,
      0.0,
      0.0,
      0.0,
      0.0,
      0.0,
      0.0,
      0.0,
      0.0,
      0.0,
      0.0
    ],
    [
      0.0,
      0.0,
      0.0,
      0.0,
      0.0,
      0.0,
      0.0,
      0.0,
      0.0,
      0.0,
      0.0
    ],
    [
      0.0,
      0.0,
      0.0,
      0.0,
      0.0,
      0.0,
      0.0,
      0.0,
      0.0,
      0.0,
      0.0
    ],
    [
      0.0,
      0.0,
      0.0,
      0.0,
      0.0,
      0.0,
      0.0,
      0.0,
      0.0,
      0.0,
      0.0
    ]
  ],
  "n_support_vectors_mean": 28350.0,
  "n_support_vectors_std": 0.0,
  "training_time_mean": 97.33264360427856,
  "training_time_std": 0.30093819187034576,
  "test_accuracies_all": [
    0.24052478134110788,
    0.24052478134110788,
    0.24052478134110788,
    0.24052478134110788,
    0.24052478134110788
  ],
  "test_f1_macros_all": [
    0.24207171748603742,
    0.24207171748603742,
    0.24207171748603742,
    0.24207171748603742,
    0.24207171748603742
  ]
}