{
  "C_values": [
    0.1,
    1,
    10,
    100
  ],
  "gamma_values": [
    0.001,
    0.01,
    0.1
  ],
  "val_accuracy_grid": [
    [
      0.11582698849829905,
      0.1349424914952211,
      0.12635671472541715
    ],
    [
      0.13866839462173983,
      0.19034505102867325,
      0.20395269722987203
    ],
    [
      0.1713915438198607,
      0.21480641503320913,
      0.22209622549813704
    ],
    [
      0.1981208488579297,
      0.23311193908958366,
      0.22890004859873644
    ]
  ],
  "training_times": [
    [
      79.50610208511353,
      78.37224888801575,
      84.0595121383667
    ],
    [
      74.68117070198059,
      72.6078360080719,
      84.27034950256348
    ],
    [
      70.62282419204712,
      71.91911721229553,
      95.945809841156
    ],
    [
      80.44997644424438,
      95.76283836364746,
      105.62899899482727
    ]
  ],
  "best_C": 100,
  "best_gamma": 0.01,
  "best_val_accuracy": 0.23311193908958366,
  "best_idx": [
    3,
    1
  ],
  "all_results": [
    {
      "C": 0.1,
      "gamma": 0.001,
      "train_accuracy": 0.12344221890512723,
      "val_accuracy": 0.11582698849829905,
      "train_f1_macro": 0.08267921229619529,
      "val_f1_macro": 0.07612518386964134,
      "n_support_vectors": 28807,
      "n_support_vectors_per_class": {
        "1": 2625,
        "2": 2625,
        "3": 2625,
        "4": 2625,
        "5": 2624,
        "6": 2625,
        "7": 2625,
        "8": 2625,
        "9": 2625,
        "10": 2592,
        "11": 2591
      },
      "training_time_sec": 79.50610208511353
    },
    {
      "C": 0.1,
      "gamma": 0.01,
      "train_accuracy": 0.15169923976811192,
      "val_accuracy": 0.1349424914952211,
      "train_f1_macro": 0.12595987871651804,
      "val_f1_macro": 0.1062709647427539,
      "n_support_vectors": 28807,
      "n_support_vectors_per_class": {
        "1": 2625,
        "2": 2625,
        "3": 2625,
        "4": 2625,
        "5": 2624,
        "6": 2625,
        "7": 2625,
        "8": 2625,
        "9": 2625,
        "10": 2592,
        "11": 2591
      },
      "training_time_sec": 78.37224888801575
    },
    {
      "C": 0.1,
      "gamma": 0.1,
      "train_accuracy": 0.1538862082132815,
      "val_accuracy": 0.12635671472541715,
      "train_f1_macro": 0.1265185291409587,
      "val_f1_macro": 0.0933683678600667,
      "n_support_vectors": 28807,
      "n_support_vectors_per_class": {
        "1": 2625,
        "2": 2625,
        "3": 2625,
        "4": 2625,
        "5": 2624,
        "6": 2625,
        "7": 2625,
        "8": 2625,
        "9": 2625,
        "10": 2592,
        "11": 2591
      },
      "training_time_sec": 84.0595121383667
    },
    {
      "C": 1,
      "gamma": 0.001,
      "train_accuracy": 0.1620786614364564,
      "val_accuracy": 0.13866839462173983,
      "train_f1_macro": 0.1448356477394501,
      "val_f1_macro": 0.11701243422820692,
      "n_support_vectors": 28793,
      "n_support_vectors_per_class": {
        "1": 2625,
        "2": 2625,
        "3": 2625,
        "4": 2625,
        "5": 2624,
        "6": 2625,
        "7": 2625,
        "8": 2625,
        "9": 2625,
        "10": 2592,
        "11": 2577
      },
      "training_time_sec": 74.68117070198059
    },
    {
      "C": 1,
      "gamma": 0.01,
      "train_accuracy": 0.31797826917068767,
      "val_accuracy": 0.19034505102867325,
      "train_f1_macro": 0.3263289514855164,
      "val_f1_macro": 0.18813851711177493,
      "n_support_vectors": 28785,
      "n_support_vectors_per_class": {
        "1": 2624,
        "2": 2625,
        "3": 2624,
        "4": 2625,
        "5": 2624,
        "6": 2625,
        "7": 2624,
        "8": 2623,
        "9": 2622,
        "10": 2588,
        "11": 2581
      },
      "training_time_sec": 72.6078360080719
    },
    {
      "C": 1,
      "gamma": 0.1,
      "train_accuracy": 0.7352379629951054,
      "val_accuracy": 0.20395269722987203,
      "train_f1_macro": 0.7381185352582917,
      "val_f1_macro": 0.19825763400247398,
      "n_support_vectors": 28792,
      "n_support_vectors_per_class": {
        "1": 2625,
        "2": 2625,
        "3": 2623,
        "4": 2625,
        "5": 2624,
        "6": 2625,
        "7": 2625,
        "8": 2623,
        "9": 2623,
        "10": 2586,
        "11": 2588
      },
      "training_time_sec": 84.27034950256348
    },
    {
      "C": 10,
      "gamma": 0.001,
      "train_accuracy": 0.2316798000485993,
      "val_accuracy": 0.1713915438198607,
      "train_f1_macro": 0.22923807678544209,
      "val_f1_macro": 0.16358536471674134,
      "n_support_vectors": 28733,
      "n_support_vectors_per_class": {
        "1": 2625,
        "2": 2625,
        "3": 2624,
        "4": 2622,
        "5": 2624,
        "6": 2623,
        "7": 2623,
        "8": 2616,
        "9": 2618,
        "10": 2579,
        "11": 2554
      },
      "training_time_sec": 70.62282419204712
    },
    {
      "C": 10,
      "gamma": 0.01,
      "train_accuracy": 0.5131738813482835,
      "val_accuracy": 0.21480641503320913,
      "train_f1_macro": 0.5216247317606449,
      "val_f1_macro": 0.21796940811337118,
      "n_support_vectors": 28658,
      "n_support_vectors_per_class": {
        "1": 2624,
        "2": 2622,
        "3": 2622,
        "4": 2622,
        "5": 2622,
        "6": 2622,
        "7": 2610,
        "8": 2609,
        "9": 2607,
        "10": 2553,
        "11": 2545
      },
      "training_time_sec": 71.91911721229553
    },
    {
      "C": 10,
      "gamma": 0.1,
      "train_accuracy": 0.9201930086437324,
      "val_accuracy": 0.22209622549813704,
      "train_f1_macro": 0.9204089834348849,
      "val_f1_macro": 0.2144496080289349,
      "n_support_vectors": 28749,
      "n_support_vectors_per_class": {
        "1": 2625,
        "2": 2624,
        "3": 2623,
        "4": 2624,
        "5": 2621,
        "6": 2624,
        "7": 2622,
        "8": 2614,
        "9": 2619,
        "10": 2579,
        "11": 2574
      },
      "training_time_sec": 95.945809841156
    },
    {
      "C": 100,
      "gamma": 0.001,
      "train_accuracy": 0.3286701149026278,
      "val_accuracy": 0.1981208488579297,
      "train_f1_macro": 0.33602819905340514,
      "val_f1_macro": 0.19939859486783806,
      "n_support_vectors": 28598,
      "n_support_vectors_per_class": {
        "1": 2624,
        "2": 2624,
        "3": 2623,
        "4": 2619,
        "5": 2617,
        "6": 2622,
        "7": 2610,
        "8": 2602,
        "9": 2606,
        "10": 2534,
        "11": 2517
      },
      "training_time_sec": 80.44997644424438
    },
    {
      "C": 100,
      "gamma": 0.01,
      "train_accuracy": 0.712118582289027,
      "val_accuracy": 0.23311193908958366,
      "train_f1_macro": 0.7143352922018308,
      "val_f1_macro": 0.2344429674872522,
      "n_support_vectors": 28350,
      "n_support_vectors_per_class": {
        "1": 2620,
        "2": 2612,
        "3": 2616,
        "4": 2613,
        "5": 2616,
        "6": 2617,
        "7": 2567,
        "8": 2576,
        "9": 2561,
        "10": 2470,
        "11": 2482
      },
      "training_time_sec": 95.76283836364746
    },
    {
      "C": 100,
      "gamma": 0.1,
      "train_accuracy": 0.9808727045509772,
      "val_accuracy": 0.22890004859873644,
      "train_f1_macro": 0.9809462247375936,
      "val_f1_macro": 0.22087566631519878,
      "n_support_vectors": 28700,
      "n_support_vectors_per_class": {
        "1": 2621,
        "2": 2623,
        "3": 2618,
        "4": 2624,
        "5": 2622,
        "6": 2623,
        "7": 2613,
        "8": 2608,
        "9": 2611,
        "10": 2570,
        "11": 2567
      },
      "training_time_sec": 105.62899899482727
    }
  ]
}